{
  "description": "ISO 639-2 language codes for mkvmerge subtitle embedding",
  "version": "1.0",
  "codes": {
    "ara": {"name": "Arabic", "iso_639_1": "ar"},
    "eng": {"name": "English", "iso_639_1": "en"},
    "fra": {"name": "French", "iso_639_1": "fr"},
    "spa": {"name": "Spanish", "iso_639_1": "es"},
    "deu": {"name": "German", "iso_639_1": "de"},
    "ita": {"name": "Italian", "iso_639_1": "it"},
    "por": {"name": "Portuguese", "iso_639_1": "pt"},
    "rus": {"name": "Russian", "iso_639_1": "ru"},
    "jpn": {"name": "Japanese", "iso_639_1": "ja"},
    "kor": {"name": "Korean", "iso_639_1": "ko"},
    "chi": {"name": "Chinese", "iso_639_1": "zh"},
    "zho": {"name": "Chinese", "iso_639_1": "zh"},
    "tur": {"name": "Turkish", "iso_639_1": "tr"},
    "pol": {"name": "Polish", "iso_639_1": "pl"},
    "nld": {"name": "Dutch", "iso_639_1": "nl"},
    "swe": {"name": "Swedish", "iso_639_1": "sv"},
    "dan": {"name": "Danish", "iso_639_1": "da"},
    "fin": {"name": "Finnish", "iso_639_1": "fi"},
    "nor": {"name": "Norwegian", "iso_639_1": "no"},
    "ces": {"name": "Czech", "iso_639_1": "cs"},
    "hun": {"name": "Hungarian", "iso_639_1": "hu"},
    "ron": {"name": "Romanian", "iso_639_1": "ro"},
    "ell": {"name": "Greek", "iso_639_1": "el"},
    "heb": {"name": "Hebrew", "iso_639_1": "he"},
    "hin": {"name": "Hindi", "iso_639_1": "hi"},
    "tha": {"name": "Thai", "iso_639_1": "th"},
    "vie": {"name": "Vietnamese", "iso_639_1": "vi"},
    "ind": {"name": "Indonesian", "iso_639_1": "id"},
    "msa": {"name": "Malay", "iso_639_1": "ms"},
    "ukr": {"name": "Ukrainian", "iso_639_1": "uk"},
    "bul": {"name": "Bulgarian", "iso_639_1": "bg"},
    "hrv": {"name": "Croatian", "iso_639_1": "hr"},
    "slv": {"name": "Slovenian", "iso_639_1": "sl"},
    "srp": {"name": "Serbian", "iso_639_1": "sr"},
    "slk": {"name": "Slovak", "iso_639_1": "sk"}
  },
  "common_two_letter_codes": {
    "ar": "ara",
    "en": "eng",
    "fr": "fra",
    "es": "spa",
    "de": "deu",
    "it": "ita",
    "pt": "por",
    "ru": "rus",
    "ja": "jpn",
    "ko": "kor",
    "zh": "zho",
    "tr": "tur",
    "pl": "pol",
    "nl": "nld",
    "sv": "swe",
    "da": "dan",
    "fi": "fin",
    "no": "nor",
    "cs": "ces",
    "hu": "hun",
    "ro": "ron",
    "el": "ell",
    "he": "heb",
    "hi": "hin",
    "th": "tha",
    "vi": "vie",
    "id": "ind",
    "ms": "msa",
    "uk": "ukr",
    "bg": "bul",
    "hr": "hrv",
    "sl": "slv",
    "sr": "srp",
    "sk": "slk"
  }
}
